"country","city","latitude","longitude"
"Albania","Tirana",41.414742,19.720561
"Algeria","Adrar",27.837589,-0.186414
"Algeria","Ain Oussera",35.525414,2.878714
"Algeria","Algier",36.691014,3.215408
"Algeria","Annaba",36.822225,7.809167
"Algeria","Bejaja",36.711997,5.069922
"Algeria","Biskra",34.793289,5.738231
"Algeria","Blida",36.503613,2.814167
"Algeria","Bou Saada",35.3325,4.206389
"Algeria","Bou Sfer",35.735389,-0.805389
"Algeria","Boufarik",36.545834,2.876111
"Algeria","Constantine",36.276028,6.620386
"Algeria","Djanet",24.292767,9.452444
"Algeria","Ech-cheliff",36.212658,1.331775
"Algeria","El Golea",30.571294,2.859586
"Algeria","Ghardaia",32.384106,3.794114
"Algeria","Ghriss",35.207725,0.147142
"Algeria","Hassi-messaoud",31.672972,6.140444
"Algeria","Illizi",26.723536,8.622653
"Algeria","In Salah",27.251022,2.512017
"Algeria","Jijel",36.795136,5.873608
"Algeria","Laghouat",33.764383,2.928344
"Algeria","Mecheria",33.535853,-0.242353
"Algeria","Oran",35.583151,-0.5767305
"Algeria","Ouargla",31.917223,5.412778
"Algeria","Reggan",26.710103,0.285647
"Algeria","Relizane",35.752239,0.626272
"Algeria","Sidi Bel Abbes",35.171775,-0.593275
"Algeria","Tamanrasset",22.811461,5.451075
"Algeria","Tebessa",35.431611,8.120717
"Algeria","Tiaret",35.341136,1.463147
"Algeria","Tilrempt",32.930431,3.311542
"Algeria","Timimoun",29.237119,0.276033
"Algeria","Tindouf",27.700372,-8.167103
"Algeria","Tlemcen",35.016667,-1.45
"Algeria","Touggourt",33.067803,6.088672
"Algeria","Zarzaitine",28.05155,9.642911
"Angola","Benguela",-12.609025,13.403711
"Angola","Cabinda",-5.596992,12.188353
"Angola","Huambo",-12.808878,15.760547
"Angola","Kuito",-12.404633,16.947414
"Angola","Lobito",-12.371233,13.536625
"Angola","Luanda",-8.858375,13.231178
"Angola","Lubango",-14.924733,13.575022
"Angola","Luena",-11.768086,19.897672
"Angola","M'banza-congo",-6.269897,14.247025
"Angola","Malanje",-9.525086,16.312406
"Angola","Menongue",-14.657583,17.719833
"Angola","Negage",-7.754506,15.287728
"Angola","Porto Amboim",-10.721956,13.765528
"Angola","Saurimo",-9.689067,20.431875
"Angola","Soyo",-6.141086,12.371764
"Angola","Uige",-7.603067,15.027822
"Angola","Xangongo",-16.755417,14.965344
"Austria","Graz",46.991067,15.439628
"Austria","Innsbruck",47.260219,11.343964
"Austria","Klagenfurt",46.642514,14.337739
"Austria","Linz",48.233219,14.187511
"Austria","Salzburg",47.793304,13.004333
"Austria","Vienna",48.110278,16.569722
"Austria","Wels",48.183304,14.040861
"Austria","Wiener Neustadt Ost",47.843333,16.260139
"Austria","Zeltweg",47.202751,14.744223
"Belgium","Antwerp",51.189444,4.460278
"Belgium","Beauvechain",50.75861,4.768333
"Belgium","Bertrix",49.891667,5.223889
"Belgium","Brussels",50.901389,4.484444
"Belgium","Charleroi",50.459197,4.453817
"Belgium","Chievres",50.575833,3.831
"Belgium","Florennes",50.243333,4.645833
"Belgium","Kleine Brogel",51.168333,5.47
"Belgium","Koksijde",51.090278,2.652778
"Belgium","Kortrijk-vevelgem",50.817222,3.204722
"Belgium","Liege",50.637417,5.443222
"Belgium","Ostend",51.198889,2.862222
"Belgium","Sint-truiden",50.791944,5.201667
"Belgium","St.-hubert",50.035833,5.404167
"Belgium","Ursel",51.144133,3.474361
"Belgium","Weelde",51.394783,4.960194
"Belgium","Zoersel",51.264722,4.753333
"Belgium","Zutendaal",50.9475,5.590556
"Benin","Cotonou",6.357228,2.384353
"Bosnia and Herzegovina","Mostar",43.2829,17.845878
"Bosnia and Herzegovina","Sarajevo",43.824583,18.331467
"Botswana","Francistown",-21.159597,27.474525
"Botswana","Gaberone",-24.555225,25.918208
"Botswana","Jwaneng",-24.602333,24.690971
"Botswana","Kasane",-17.832875,25.1624
"Botswana","Maun",-19.972564,23.431086
"Botswana","Selebi-phikwe",-22.05835,27.828767
"British Indian Ocean Territory","Diego Garcia Island",-7.313267,72.411089
"Bulgaria","Bourgas",42.569583,27.515236
"Bulgaria","Gorna Orechovica",43.151444,25.712889
"Bulgaria","Plovdiv",42.067806,24.850833
"Bulgaria","Sofia",42.695194,23.406167
"Bulgaria","Stara Zagora",42.376667,25.655195
"Bulgaria","Varna",43.232072,27.825106
"Burkina Faso","Bobo-dioulasso",11.160056,-4.330969
"Burkina Faso","Ouagadougou",12.353194,-1.512417
"Burundi","Bujumbura",-3.324019,29.318519
"Cameroon","Bafoussam",5.536919,10.354583
"Cameroon","Bamenda",6.039239,10.122639
"Cameroon","Douala",4.006081,9.719481
"Cameroon","Foumban",5.636919,10.750817
"Cameroon","Garoua",9.335892,13.370103
"Cameroon","Maroua",10.451392,14.257361
"Cameroon","N'gaoundere",7.357011,13.559242
"Cameroon","Tiko",4.089192,9.360528
"Cameroon","Yaounde",3.836039,11.523461
"Canada","Abbotsford",49.025278,-122.360556
"Canada","Alert",82.517778,-62.280556
"Canada","Armstrong",50.290279,-88.909721
"Canada","Atikokan",48.773888,-91.638611
"Canada","Bagotville",48.330555,-70.996391
"Canada","Baie Comeau",49.1325,-68.204444
"Canada","Baker Lake",64.298889,-96.077778
"Canada","Brandon",49.91,-99.951944
"Canada","Broughton Island",67.545833,-64.031389
"Canada","Buffalo Narrows",55.841944,-108.4175
"Canada","Burwash",61.371111,-139.040556
"Canada","Calgary",51.113888,-114.020278
"Canada","Cambridge Bay",69.108055,-105.138333
"Canada","Campbell River",49.950832,-125.270833
"Canada","Cape Dorset",64.23,-76.526667
"Canada","Castlegar",49.296389,-117.6325
"Canada","Chapleau",47.82,-83.346667
"Canada","Charlo",47.990833,-66.330278
"Canada","Charlottetown",46.290001,-63.121111
"Canada","Chatham",47.007778,-65.449167
"Canada","Chilliwack",49.152779,-121.93889
"Canada","Churchill",58.739167,-94.065
"Canada","Clyde River",70.486111,-68.516667
"Canada","Cold Lake",54.404999,-110.279444
"Canada","Comox",49.710833,-124.886667
"Canada","Coppermine",67.816667,-115.143889
"Canada","Coral Harbour",50.330278,-115.873333
"Canada","Coronation",52.075001,-111.445278
"Canada","Cranbrook",49.612222,-115.781944
"Canada","Dauphin",51.100834,-100.0525
"Canada","Dawson",64.043056,-139.127778
"Canada","Dawson Creek",55.742333,-120.183
"Canada","Dease Lake",58.422222,-130.032222
"Canada","Deer Lake",49.210833,-57.391388
"Canada","Dryden",49.831667,-92.744167
"Canada","Earlton",47.695,-79.848889
"Canada","Edmonton",53.4411115,-113.550139
"Canada","Edson",53.578888,-116.465
"Canada","Eskimo Point",61.094166,-94.070833
"Canada","Estevan",49.210278,-102.965833
"Canada","Eureka",79.994722,-85.814167
"Canada","Faro",62.2075,-133.375833
"Canada","Flin Flon",54.678055,-101.681667
"Canada","Forestville",48.746111,-69.097222
"Canada","Fort Chipewyan",58.767223,-111.117222
"Canada","Fort Mcmurray",56.653333,-111.221944
"Canada","Fort Mcpherson",67.4075,-134.860556
"Canada","Fort Nelson",58.836389,-122.596944
"Canada","Fort Resolution",61.180832,-113.689722
"Canada","Fort Saint John",56.238056,-120.740278
"Canada","Fort Simpson",61.760153,-121.236525
"Canada","Fort Smith",60.020278,-111.961944
"Canada","Fredericton",45.868889,-66.537222
"Canada","Gander",48.936944,-54.568056
"Canada","Gaspe",48.775278,-64.478611
"Canada","Gatineau",45.521694,-75.563589
"Canada","Geraldton",49.778332,-86.939445
"Canada","Gjoa Haven",68.635556,-95.849722
"Canada","Goose Bay",53.319168,-60.425833
"Canada","Gore Bay",45.885277,-82.567778
"Canada","Grande Prairie",55.179722,-118.885
"Canada","Greenwood",44.984444,-64.916944
"Canada","Halifax",44.760277,-63.504026999999994
"Canada","Hall Beach",68.776111,-81.243611
"Canada","Hamilton",43.173611,-79.935
"Canada","Hay River",60.839722,-115.782778
"Canada","High Level",58.621389,-117.164722
"Canada","Holman Island",70.762778,-117.806111
"Canada","Hudson Bay",52.816666,-102.31139
"Canada","Iles De La Madeleine",47.424721,-61.778056
"Canada","Inuvik",68.304167,-133.482778
"Canada","Iqaluit",63.75639,-68.555832
"Canada","Kamloops",50.702222,-120.444444
"Canada","Kapuskasing",49.413889,-82.4675
"Canada","Kelowna",49.956112,-119.377778
"Canada","Kenora",49.788334,-94.363056
"Canada","Kindersley",51.5175,-109.180833
"Canada","Kingston",44.225277,-76.596944
"Canada","La Grande Riviere",53.625278,-77.704167
"Canada","La Ronge",55.15139,-105.261944
"Canada","Lethbridge",49.630278,-112.799722
"Canada","Lloydminster",53.309166,-110.0725
"Canada","London",43.033056,-81.151111
"Canada","Lynn Lake",56.863888,-101.07611
"Canada","Maniwaki",46.272778,-75.990556
"Canada","Matagami",49.761667,-77.802778
"Canada","Mayo",63.616389,-135.868333
"Canada","Meadow Lake",54.125278,-108.522778
"Canada","Medicine Hat",50.01889,-110.720833
"Canada","Moncton",46.112221,-64.678611
"Canada","Mont Joli",48.608612,-68.208056
"Canada","Montreal",45.55666666666667,-73.72101833333333
"Canada","Moose Jaw",50.330278,-105.559167
"Canada","Moosonee",51.291111,-80.607778
"Canada","Muskoka",44.974722,-79.303333
"Canada","Nanaimo",49.052333,-123.870167
"Canada","Nanisivik",72.982222,-84.613611
"Canada","Natashquan",50.19,-61.789167
"Canada","Norman Wells",65.281617,-126.798219
"Canada","North Battleford",52.769167,-108.24361
"Canada","North Bay",46.363611,-79.422778
"Canada","Old Crow",67.570556,-139.839167
"Canada","Ottawa",45.3225,-75.669167
"Canada","Pangnirtung",66.145,-65.713611
"Canada","Peace River",56.226944,-117.447222
"Canada","Pelly Bay",68.534444,-89.808056
"Canada","Penticton",49.463056,-119.602222
"Canada","Petawawa",45.952221,-77.319168
"Canada","Peterborough",44.23,-78.363333
"Canada","Pickle Lake",51.446388,-90.214167
"Canada","Pitt Meadows",49.21611,-122.71
"Canada","Pond Inlet",72.683334,-77.966667
"Canada","Port Hardy",50.680556,-127.366667
"Canada","Port Menier",49.836389,-64.288611
"Canada","Portage-la-prairie",49.903056,-98.273889
"Canada","Prince Albert",53.214167,-105.672778
"Canada","Prince George",53.889444,-122.678889
"Canada","Prince Pupert",54.28611,-130.444722
"Canada","Princeton",49.468056,-120.511389
"Canada","Quebec",46.791111,-71.393333
"Canada","Quesnel",53.026112,-122.510278
"Canada","Quujjuaq",58.096111,-68.426944
"Canada","Rankin Inlet",62.81139,-92.115833
"Canada","Red Deer Industrial",52.182222,-113.894444
"Canada","Regina",50.431944,-104.665833
"Canada","Repulse Bay",66.521389,-86.224722
"Canada","Resolute",74.716944,-94.969444
"Canada","Riviere Du Loup",47.764444,-69.584722
"Canada","Roberval",48.52,-72.265556
"Canada","Rocky Mountain House",52.429722,-114.904167
"Canada","Rouyn",48.206111,-78.835556
"Canada","Sachs Harbour",71.993889,-125.2425
"Canada","Sandspit",53.254333,-131.813833
"Canada","Sarnia",42.999444,-82.308889
"Canada","Saskatoon",52.170834,-106.699722
"Canada","Sault Sainte Marie",46.485001,-84.509445
"Canada","Schefferville",54.805278,-66.805278
"Canada","Sept-iles",50.223333,-66.265556
"Canada","Sherbrooke",45.438611,-71.691389
"Canada","Sioux Lookout",50.113889,-91.905278
"Canada","Slave Lake",55.293056,-114.777222
"Canada","Smithers",54.824722,-127.182778
"Canada","Spence Bay",69.546667,-93.576667
"Canada","St. Anthony",51.391944,-56.083056
"Canada","St. Jean",45.294445,-73.281111
"Canada","St. John",45.316111,-65.890278
"Canada","St. John's",47.61861,-52.751945
"Canada","Stephenville",48.544167,-58.549999
"Canada","Sudbury",46.625,-80.798889
"Canada","Summerside",46.440556,-63.833611
"Canada","Swift Current",50.291944,-107.690556
"Canada","Sydney",46.161388,-60.047779
"Canada","Terrace",54.468508,-128.576219
"Canada","Teslin",60.172779,-132.742778
"Canada","Thompson",55.801111,-97.864166
"Canada","Thunder Bay",48.371944,-89.323889
"Canada","Timmins",48.569721,-81.376667
"Canada","Tofino",49.082222,-125.7725
"Canada","Toronto",43.72736075,-79.46556975
"Canada","Trenton",44.118889,-77.528056
"Canada","Tuktoyaktuk",69.433334,-133.026389
"Canada","Val D'or",48.053333,-77.782778
"Canada","Vancouver",49.193889,-123.184444
"Canada","Vermillion",53.355833,-110.82389
"Canada","Victoria",48.646944,-123.425833
"Canada","Wabush",52.921944,-66.864444
"Canada","Waterloo",43.460833,-80.378611
"Canada","Watson Lake",60.116389,-128.8225
"Canada","Whitecourt",54.14389,-115.786667
"Canada","Whitehorse",60.709553,-135.067269
"Canada","Wiarton",44.745834,-81.107222
"Canada","Williams Lake",52.183056,-122.054167
"Canada","Windsor",42.275556,-82.955556
"Canada","Winnipeg",49.9832125,-97.13619299999999
"Canada","Wrigley",63.209444,-123.436667
"Canada","Yellowknife",62.462778,-114.440278
"Canada","Yorkton",51.264721,-102.461667
"Cape Verde","Amilcar Cabral",16.741389,-22.949444
"Cape Verde","Boa Vista",16.136531,-22.888897
"Cape Verde","Maio",15.155928,-23.213703
"Cape Verde","Sao Nocolau Island",16.588356,-24.284656
"Cape Verde","Sao Vicente Island",16.833689,-25.054661
"Central African Republic","Bangui",4.398475,18.518786
"Central African Republic","Berberati",4.221583,15.786369
"Chad","Abeche",13.847,20.844333
"Chad","Faya-largeau",17.917053,19.111078
"Chad","Moundou",8.624406,16.071419
"Chad","N'djamena",12.133689,15.034019
"Comoros","Anjouan",-12.131667,44.430279
"Comoros","Moheli",-12.298108,43.7664
"Comoros","Moroni",-11.533661,43.27185
"Congo (Brazzaville)","Pointe-noire",-4.816028,11.886597
"Congo (Kinshasa)","Bandoundu",-3.311319,17.381683
"Congo (Kinshasa)","Brazzaville",-4.2517,15.253031
"Congo (Kinshasa)","Bukavu/kavumu",-2.308978,28.808803
"Congo (Kinshasa)","Bunia",1.565719,30.220833
"Congo (Kinshasa)","Buta Zega",2.818347,24.793706
"Congo (Kinshasa)","Gbadolite",4.253206,20.975283
"Congo (Kinshasa)","Gemena",3.235369,19.771258
"Congo (Kinshasa)","Goma",-1.670814,29.238464
"Congo (Kinshasa)","Isiro",2.827606,27.588253
"Congo (Kinshasa)","Kalemie",-5.875556,29.25
"Congo (Kinshasa)","Kamina Base",-8.642025,25.252897
"Congo (Kinshasa)","Kananga",-5.900055,22.469166
"Congo (Kinshasa)","Kikwit",-5.035767,18.785631
"Congo (Kinshasa)","Kindu",-2.919178,25.915361
"Congo (Kinshasa)","Kinshasa",-4.3562195,15.3859555
"Congo (Kinshasa)","Kisangani",0.5175,25.155014
"Congo (Kinshasa)","Kitona Base",-5.918056,12.447694
"Congo (Kinshasa)","Kolwezi",-10.765886,25.505714
"Congo (Kinshasa)","Kotakoli",4.157639,21.650917
"Congo (Kinshasa)","Lisala",2.170658,21.496906
"Congo (Kinshasa)","Lubumashi",-11.591333,27.530889
"Congo (Kinshasa)","Mbandaka",0.0226,18.288744
"Congo (Kinshasa)","Mbuji-mayi",-6.121236,23.569008
"Congo (Kinshasa)","Muanda",-5.930858,12.351789
"Congo (Kinshasa)","Ouesso",1.615994,16.037917
"Congo (Kinshasa)","Owando",-0.53135,15.950094
"Cote d'Ivoire","Abidjan",5.261386,-3.926294
"Cote d'Ivoire","Bouake",7.7388,-5.073667
"Cote d'Ivoire","Daloa",6.792808,-6.473189
"Cote d'Ivoire","Korhogo",9.387183,-5.556664
"Cote d'Ivoire","Man",7.272069,-7.587364
"Cote d'Ivoire","San Pedro",4.746717,-6.660817
"Cote d'Ivoire","Yamoussoukro",6.903167,-5.365581
"Croatia","Cepin",45.542169,18.636233
"Croatia","Dubrovnik",42.561353,18.268244
"Croatia","Grobnik",45.379483,14.503756
"Croatia","Osijek",45.462667,18.810156
"Croatia","Pula",44.893533,13.922192
"Croatia","Rijeka",45.216889,14.570267
"Croatia","Split",43.538944,16.297964
"Croatia","Udbina",44.55761,15.774361
"Croatia","Varazdin",46.294724,16.38125
"Croatia","Zadar",44.108269,15.346697
"Croatia","Zagreb",45.742931,16.068778
"Cyprus","Akrotiri",34.590416,32.987861
"Cyprus","Larnaca",34.875117,33.62485
"Cyprus","Paphos",34.718039,32.485731
"Czech Republic","Caslav",49.939653,15.381808
"Czech Republic","Ceske Budejovice",48.946381,14.427464
"Czech Republic","Horovice",49.848111,13.893506
"Czech Republic","Hradec Kralove",50.2532,15.845228
"Czech Republic","Karlovy Vary",50.202978,12.914983
"Czech Republic","Kunovice",49.029444,17.439722
"Czech Republic","Line",49.675172,13.274617
"Czech Republic","Mnichovo Hradiste",50.540211,15.006592
"Czech Republic","Namest",49.165833,16.124925
"Czech Republic","Ostrava",49.696292,18.111053
"Czech Republic","Pardubice",50.013419,15.738647
"Czech Republic","Prague",50.100833,14.26
"Czech Republic","Praha",50.121367,14.543642
"Czech Republic","Prerov",49.425833,17.404722
"Czech Republic","Pribram",49.720078,14.100567
"Czech Republic","Turany",49.151269,16.694433
"Czech Republic","Vodochody",50.216581,14.395806
"Denmark","Aalborg",57.092789,9.849164
"Denmark","Aarhus",56.300017,10.619008
"Denmark","Billund",55.740322,9.151778
"Denmark","Copenhagen",55.601742,12.393699999999999
"Denmark","Esbjerg",55.525942,8.553403
"Denmark","Gronholt",55.941387,12.382222
"Denmark","Karup",56.297458,9.124628
"Denmark","Kolding",55.436283,9.330925
"Denmark","Krusa-padborg",54.870306,9.279014
"Denmark","Laeso",57.277228,11.000083
"Denmark","Maribo",54.699344,11.440117
"Denmark","Odense",55.476664,10.330933
"Denmark","Ronne",55.063267,14.759558
"Denmark","Skive",56.550208,9.172983
"Denmark","Skrydstrup",55.225553,9.263931
"Denmark","Soenderborg",54.964367,9.791731
"Denmark","Stauning",55.990122,8.353906
"Denmark","Thisted",57.0688,8.705225
"Denmark","Vesthimmerland",56.846944,9.458611
"Dominican Republic","Barahona",18.251464,-71.1204
"Dominican Republic","Cabo Rojo",17.928981,-71.644769
"Dominican Republic","La Romana",18.450711,-68.911833
"Dominican Republic","Puerto Plata",19.7579,-70.570033
"Dominican Republic","Punta Cana",18.567367,-68.363431
"Dominican Republic","Samana",19.198586,-69.429772
"Dominican Republic","San Isidoro",18.503706,-69.761706
"Dominican Republic","Santiago",19.406092,-70.604689
"Dominican Republic","Santo Domingo",18.429664,-69.668925
"Egypt","Abu Simbel",22.375953,31.611722
"Egypt","Alexandria",31.183903,29.948889
"Egypt","Aswan",23.964356,32.819975
"Egypt","Cairo",30.119152999999997,31.160500499999998
"Egypt","El-gora",31.068975,34.129194
"Egypt","El-tor",28.209028,33.645517
"Egypt","Hurghada",27.178317,33.799436
"Egypt","Luxor",25.671028,32.706583
"Egypt","Mersa-matruh",31.325356,27.221689
"Egypt","Port Said",31.279444,32.24
"Egypt","St. Catherine",28.685278,34.0625
"Equatorial Guinea","Bata",1.905469,9.805681
"Equatorial Guinea","Malabo",3.755267,8.708717
"Estonia","Armari Air Force Base",59.260286,24.208467
"Estonia","Kardla",58.990756,22.830733
"Estonia","Kuressaare",58.229883,22.509494
"Estonia","Parnu",58.419044,24.472819
"Estonia","Tallinn-ulemiste International",59.413317,24.832844
"Estonia","Tartu-ulenurme",58.307461,26.690428
"Ethiopia","Addis Ababa",8.990784999999999,38.762669
"Ethiopia","Arba Minch",6.039389,37.590453
"Ethiopia","Asosa",10.01855,34.586253
"Ethiopia","Axum",14.14675,38.772833
"Ethiopia","Bahar Dar",11.608075,37.321644
"Ethiopia","Dire Dawa",9.6247,41.854203
"Ethiopia","Gambella",8.128764,34.563131
"Ethiopia","Gondar",12.5199,37.434047
"Ethiopia","Jimma",7.666094,36.816639
"Ethiopia","Lalibella",11.975014,38.979969
"Ethiopia","Makale",13.467367,39.533464
"Falkland Islands","Mount Pleasant",-51.822777,-58.447222
"Faroe Islands","Vagar",62.063628,-7.277219
"Finland","Enontekio",68.362586,23.424322
"Finland","Eura",61.116112,22.201389
"Finland","Halli",61.85605,24.7866
"Finland","Hameenkyro",61.689656,23.073744
"Finland","Hanko",59.848864,23.083583
"Finland","Helsinki",60.28589,25.0030805
"Finland","Hyvinkaa",60.654444,24.881111
"Finland","Immola",61.249172,28.903711
"Finland","Ivalo",68.607269,27.405328
"Finland","Joensuu",62.662906,29.60755
"Finland","Jyvaskyla",62.399453,25.678253
"Finland","Kajaani",64.285472,27.692414
"Finland","Kauhajoki",62.462502,22.393055
"Finland","Kauhava",63.127078,23.051442
"Finland","Kemi",65.781889,24.5991
"Finland","Kemijarvi",66.712883,27.156786
"Finland","Kikala",60.462502,23.6525
"Finland","Kitee",62.166111,30.073611
"Finland","Kittila",67.701022,24.84685
"Finland","Kruunupyy",63.721172,23.143131
"Finland","Kuopio",63.00715,27.797756
"Finland","Kuusamo",65.987575,29.239381
"Finland","Lappeenranta",61.044553,28.144397
"Finland","Mariehamn",60.122203,19.898156
"Finland","Menkijarvi",62.946667,23.518889
"Finland","Mikkeli",61.6866,27.201794
"Finland","Nummela",60.333889,24.296389
"Finland","Oulu",64.930061,25.354564
"Finland","Pattijoki",64.688056,24.695833
"Finland","Piikajarvi",61.245558,22.193356
"Finland","Pori",61.461686,21.799983
"Finland","Pudasjarvi",65.402222,26.946944
"Finland","Pyhasalmi",63.731917,25.926306
"Finland","Rantasalmi",62.065481,28.356494
"Finland","Rayskala",60.744722,24.107778
"Finland","Rovaniemi",66.564822,25.830411
"Finland","Savonlinna",61.943064,28.945136
"Finland","Selanpaa",61.062389,26.798861
"Finland","Sodankyla",67.395033,26.619133
"Finland","Tampere",61.414147,23.604392
"Finland","Teisko",61.77335,24.027006
"Finland","Turku",60.514142,22.262808
"Finland","Utti",60.896394,26.938353
"Finland","Vaasa",63.05065,21.762175
"Finland","Varkaus",62.171111,27.868611
"Finland","Vesivehmaa",61.144158,25.693508
"Finland","Ylivieska-raudaskyla",64.060547,24.715953
"France","Abbeville",50.143492,1.831892
"France","Agen",44.174721,0.590556
"France","Aire-sur-l'adour",43.709444,-0.245278
"France","Aix-les-milles",43.505554,5.367778
"France","Ajaccio",41.923637,8.802917
"France","Albert",49.971531,2.697661
"France","Albi",43.913887,2.113056
"France","Ales",44.069656,4.142122
"France","Amberieu",45.987335,5.328445
"France","Amiens",49.873019,2.387075
"France","Ancenis",47.408056,-1.1775
"France","Angouleme",45.729247,0.221456
"France","Annecy",45.929233,6.098764
"France","Annemasse",46.191972,6.268386
"France","Arcachon",44.59639,-1.110833
"France","Aubenas-vals-lanas",44.544236,4.372192
"France","Aubigny-sur-nere",47.474167,2.393055
"France","Auch",43.687778,0.601667
"France","Aurillac",44.891388,2.421944
"France","Autun",46.967283,4.260572
"France","Auxerre",47.850193,3.497111
"France","Avignon",43.9073,4.901831
"France","Avord",47.053333,2.6325
"France","Bagnole-de-l'orne",48.545836,-0.387444
"France","Bastia",42.552664,9.483731
"France","Beaune",47.005886,4.893425
"France","Beauvais",49.454444,2.112778
"France","Bergerac",44.825279,0.518611
"France","Besancon-la-veze",47.206567,6.083681
"France","Beziers",43.323522,3.353903
"France","Biarritz-bayonne",43.468419,-1.523325
"France","Bordeaux",44.828335,-0.715556
"France","Bourg",46.20089,5.292028
"France","Bourges",47.058056,2.370278
"France","Brest",48.447911,-4.418539
"France","Brienne-le Chateau",48.429764,4.482222
"France","Brive",45.150833,1.469167
"France","Caen",49.173333,-0.45
"France","Cahors",44.351387,1.475278
"France","Calais",50.962097,1.954764
"France","Calvi",42.530753,8.793189
"France","Cambrai",50.221814,3.154236
"France","Cannes",43.54205,6.953478
"France","Carcassonne",43.215978,2.306317
"France","Carpentras",44.029847,5.078058
"France","Cassagnes-beghones",44.177776,2.515
"France","Castres",43.55625,2.289183
"France","Cazaux",44.533333,-1.125
"France","Chalon",46.826108,4.817633
"France","Chalons",48.776072,4.184492
"France","Chambery",45.59955,5.927993000000001
"France","Charleville",49.783942,4.647078
"France","Chateaudun",48.058142,1.376625
"France","Chateauroux",46.862194,1.730667
"France","Cherbourg",49.650106,-1.470281
"France","Cholet",47.082136,-0.877064
"France","Clermont Ferrand",45.786661,3.169169
"France","Cognac",45.658333,-0.3175
"France","Colmar",48.015915500000006,7.37934
"France","Corte",42.29361,9.193055
"France","Coulommiers",48.837653,3.016117
"France","Creil",49.253547,2.519139
"France","Cuers",43.247803,6.126697
"France","Damblain",48.086325,5.664058
"France","Deauville",49.365339,0.154306
"France","Dijon",47.26889,5.09
"France","Dinard",48.587683,-2.079958
"France","Dole",47.039014,5.42725
"France","Epinal",48.324961,6.069983
"France","Etain",49.226917,5.672219
"France","Evreux",49.028669,1.219864
"France","Figari",41.500557,9.097777
"France","Granville",48.883057,-1.564167
"France","Graulhet",43.771111,2.010833
"France","Grenoble",45.362944,5.329375
"France","Guiscriff-scaer",48.052508,-3.664717
"France","Haguenau",48.794331,7.817613
"France","Hyeres",43.0973,6.14603
"France","Istres",43.522736,4.923844
"France","Joigny",47.992222,3.392222
"France","La Baule",47.289444,-2.346389
"France","La Roche-sur-yon",46.701944,-1.378625
"France","La Rochelle",43.448891,1.263333
"France","Landivisiau",48.530258,-4.151642
"France","Lannion",48.754378,-3.471656
"France","Lanvedoc",48.281703,-4.445017
"France","Laval",48.031361,-0.742986
"France","Le Castellet",43.252506,5.785189
"France","Le Havre",49.533889,0.088056
"France","Le Luc",43.384672,6.387139
"France","Le Mans",47.948611,0.201667
"France","Le Puy",45.080689,3.762889
"France","Le Tourquet",50.517385,1.620587
"France","Lezignan-corbieres",43.175835,2.734167
"France","Libourne",44.982498,-0.134722
"France","Lille",50.561942,3.089444
"France","Limoges",45.862778,1.179444
"France","Lorient",47.760555,-3.44
"France","Luneville",48.593275,6.543456
"France","Luxeuil",47.783131,6.364056
"France","Lyon",45.726779500000006,5.0175540000000005
"France","Macon",46.295103,4.795767
"France","Marmande",44.498919,0.200514
"France","Marseille",43.435555,5.213611
"France","Maubeuge",50.310467,4.033119
"France","Melun",48.604725,2.671119
"France","Mende",44.502108,3.532819
"France","Merville",50.618394,2.642242
"France","Metz",49.0269045,6.1914929999999995
"France","Millau",43.989342,3.183
"France","Mimizan",44.146111,-1.174444
"France","Mont-de-marsan",43.911667,-0.5075
"France","Montauban",44.025694,1.378042
"France","Montbeliard",47.487,6.790536
"France","Montlucon",46.352525,2.570486
"France","Montlucon-gueret",46.222644,2.363964
"France","Montpellier",43.576194,3.963014
"France","Morlaix",48.603222,-3.815783
"France","Moulins",46.534581,3.423725
"France","Mulhouse",47.589583,7.529914
"France","Nancy",48.6375625,6.092729
"France","Nangis",48.596219,3.006786
"France","Nantes",47.153189,-1.610725
"France","Nevers",47.002625,3.113333
"France","Nice",43.658411,7.215872
"France","Nimes",43.757444,4.416347
"France","Niort",46.311303,-0.401503
"France","Orange",44.140481,4.866717
"France","Orleans",47.942362,1.9619445
"France","Pamiers",43.090556,1.695833
"France","Paris",48.902500333333336,2.4502776666666666
"France","Pau",43.38,-0.418611
"France","Perigueux",45.198055,0.815556
"France","Peronne",49.868547,3.029578
"France","Perpignan",42.740442,2.870667
"France","Phalsbourg",48.76625,7.200519
"France","Poitiers",46.587745,0.306666
"France","Pontarlier",46.903958,6.327367
"France","Pontivy",48.056789,-2.921244
"France","Pontoise",49.096647,2.040833
"France","Propriano",41.660558,8.889747
"France","Quimper",47.974981,-4.167786
"France","Reims",49.2593445,4.1032905
"France","Rennes",48.069508,-1.734794
"France","Roanne",46.058334,4.001389
"France","Rochefort",45.887779,-0.983056
"France","Rodez",44.407869,2.482672
"France","Rouen",49.384172,1.1748
"France","Royan",45.628056,-0.9725
"France","Salon",43.606415,5.10925
"France","Saumur",47.256839,-0.115142
"France","Solenzara",41.924416,9.406
"France","St.-afrique-belmont",43.823334,2.745278
"France","St.-brieuc Armor",48.537777,-2.854445
"France","St.-dizier",48.636008,4.899417
"France","St.-etienne",45.540554,4.296389
"France","St.-flour",45.076389,2.993611
"France","St.-girons",43.007764,1.10315
"France","St.-nazaire",47.312189,-2.149181
"France","St.-yan",46.412536,4.013264
"France","Strasbourg",48.538319,7.628233
"France","Tarbes",43.178675,-0.006439
"France","Toulouse",43.58691433333333,1.410162
"France","Tours",47.432222,0.727606
"France","Toussous-le-noble",48.751922,2.106189
"France","Troyes",48.322136,4.016703
"France","Ussel",45.534721,2.423889
"France","Valence",44.921594,4.9699
"France","Valenciennes",50.325808,3.461264
"France","Vannes",47.723303,-2.718561
"France","Verdun",49.122383,5.469047
"France","Vesoul-frotey",47.637611,6.203922
"France","Vichy",46.169689,3.403736
"France","Vilefrance",45.901947,4.634906
"France","Villacoublay",48.774406,2.201536
"France","Villeneuve-sur-lot",44.396946,0.758889
"Gabon","Bitam",2.075639,11.493195
"Gabon","Franceville",-1.656156,13.438036
"Gabon","Lambarene",-0.704389,10.245722
"Gabon","Libreville",0.4586,9.412283
"Gabon","Makokou",0.579211,12.890908
"Gabon","Okondja",-0.665214,13.673133
"Gabon","Omboue Hospial",-1.574733,9.262694
"Gabon","Oyem",1.543108,11.581361
"Gabon","Port Gentil",-0.711739,8.754383
"Gambia","Banjul",13.337961,-16.652206
"Germany","Aalen-heidenheim",48.777833,10.264667
"Germany","Allendorf",51.034878,8.680839
"Germany","Altenburg",50.981817,12.506361
"Germany","Anklam",53.8327,13.669131
"Germany","Arnsberg",51.483333,7.899333
"Germany","Augsburg",48.425158,10.931764
"Germany","Bamberg",49.920433,10.914233
"Germany","Barth",54.33754,12.699705
"Germany","Bautzen",51.193531,14.519747
"Germany","Bayreuth",49.984428,11.638569
"Germany","Berlin",52.470904,13.404718333333333
"Germany","Biberach",48.111,9.762833
"Germany","Bielefeld",51.964833,8.544833
"Germany","Borkum",53.5955,6.709167
"Germany","Braunschweig",52.319167,10.556111
"Germany","Bremen",53.0475,8.786667
"Germany","Bremerhaven",53.507081,8.572878
"Germany","Brueckeburg",52.2785,9.082167
"Germany","Buechel",50.173833,7.063333
"Germany","Burg Feuerstein",49.793833,11.133167
"Germany","Celle",52.5912,10.022133
"Germany","Coleman",49.563569,8.463392
"Germany","Cologne",50.865917,7.142744
"Germany","Cottbus",51.889475,14.531986
"Germany","Dahlemer Binz",50.405888,6.528083
"Germany","Dessau",51.831828,12.184033
"Germany","Diepholz",52.585514,8.341014
"Germany","Donaueschingen",47.973331,8.522223
"Germany","Dortmund",51.518314,7.612242
"Germany","Dresden",51.132767,13.767161
"Germany","Duesseldorf",51.289453,6.766775
"Germany","Dusseldorf",51.220278,6.792778
"Germany","Egelsbach",49.960833,8.6415
"Germany","Eggenfelden",48.396167,12.723667
"Germany","Eisenach",50.992797,10.472711
"Germany","Eisenhuettenstadt",52.197333,14.585667
"Germany","Emden",53.391186,7.227408
"Germany","Erding",48.322333,11.948667
"Germany","Erfurt",50.979811,10.958106
"Germany","Essen",51.402333,6.937333
"Germany","Fassberg",52.919406,10.197528
"Germany","Flensburg",54.771772,9.378214
"Germany","Frankfurt",50.026421,8.543125
"Germany","Freiburg",48.022653,7.832583
"Germany","Friedrichshafen",47.671317,9.511486
"Germany","Fritzlar",51.1145,9.285833
"Germany","Fuerstenfeldbruck",48.205667,11.267
"Germany","Geilenkirchen",50.960817,6.042422
"Germany","Giebelstadt",49.648131,9.966494
"Germany","Grafenwoehr",49.698686,11.940175
"Germany","Guetersloh",51.922833,8.306333
"Germany","Hahn",49.948672,7.263892
"Germany","Halle",51.552,12.052667
"Germany","Hamburg",53.5831375,9.9126265
"Germany","Hanau",50.169189,8.961586
"Germany","Hannover",52.461056,9.685078
"Germany","Hassfurt",50.018,10.5295
"Germany","Hildesheim",52.179833,9.945667
"Germany","Hof",50.288836,11.854919
"Germany","Hohenfels",49.218056,11.836111
"Germany","Hohn",54.312167,9.538167
"Germany","Holzdorf",51.767833,13.167667
"Germany","Ingolstadt",48.715667,11.534
"Germany","Jena",50.915161,11.714519
"Germany","Jever",53.5335,7.888667
"Germany","Kamenz",51.29625,14.129
"Germany","Kassel",51.408394,9.377631
"Germany","Kiel",54.3795,10.145167
"Germany","Kitzingen",49.743057,10.200556
"Germany","Koblenz",50.3255,7.528667
"Germany","Kyritz",52.918833,12.425333
"Germany","Laage",53.918167,12.278333
"Germany","Landsberg",48.0705,10.906
"Germany","Laupheim",48.220297,9.910019
"Germany","Lechfeld",48.1855,10.861167
"Germany","Leer",53.271592,7.442344
"Germany","Leipzig",51.432447,12.241633
"Germany","Leutkirch",47.859117,10.014572
"Germany","Luebeck",53.805367,10.719222
"Germany","Magdeburg",52.073658,11.626467
"Germany","Mainz",49.968931,8.148336
"Germany","Mannheim",49.472706,8.514264
"Germany","Meinerzhagen",51.099445,7.601944
"Germany","Mendig",50.366,7.315333
"Germany","Mengen",48.053833,9.372833
"Germany","Mindelheim",48.108833,10.524333
"Germany","Moenchengladbach",51.230356,6.504494
"Germany","Muehlhausen",51.363,11.940833
"Germany","Muenster/osnabrueck",52.134642,7.684831
"Germany","Munich",48.353783,11.786086
"Germany","Neubrandenburg",53.602167,13.306
"Germany","Neuburg",48.711,11.2115
"Germany","Niederstetten",49.391833,9.958167
"Germany","Noervenich",50.831167,6.658167
"Germany","Norderney",53.706822,7.230247
"Germany","Nordholz",53.767667,8.6585
"Germany","Nuernberg",49.4987,11.066897
"Germany","Oberpfaffenhofen",48.081364,11.283067
"Germany","Paderborn",51.614089,8.616317
"Germany","Parchim",53.426997,11.783436
"Germany","Ramstein",49.436911,7.600283
"Germany","Rechlin-laerz",53.306417,12.753139
"Germany","Rendsburg",54.220928,9.600803
"Germany","Rheine-brentlange",52.291167,7.387
"Germany","Riesa",51.2935,13.356
"Germany","Roth",49.2175,11.100167
"Germany","Rothenburg/ol",51.363167,14.95
"Germany","Saarbruecken",49.214553,7.109508
"Germany","Schleswig",54.459333,9.516333
"Germany","Schoenhagen",52.203258,13.158408
"Germany","Schwaebisch Hall",49.118317,9.783956
"Germany","Siegerland",50.707658,8.082969
"Germany","Soest",51.6075,13.738
"Germany","Spangdahlem",49.972667,6.6925
"Germany","Speyer",49.302776,8.451195
"Germany","Stadtlohn",51.995844,6.840667
"Germany","Stendal",52.628833,11.82
"Germany","Straubing",48.90095,12.518186
"Germany","Strausberg",52.579978,13.915683
"Germany","Stuttgart",48.689878,9.221964
"Germany","Suhl",51.308111,13.554973
"Germany","Trier",49.8635,6.788167
"Germany","Vilseck",49.63361,11.767222
"Germany","Vilshofen",48.635167,13.195667
"Germany","Westerland",54.91325,8.340472
"Germany","Wiesbaden",50.049819,8.325397
"Germany","Wilhelmshaven",53.504833,8.053333
"Germany","Wittmundhafen",53.547833,7.667333
"Germany","Worms",49.606511,8.3684
"Germany","Wunstorf",52.457333,9.427167
"Germany","Zweibruecken",49.209525,7.400647
"Ghana","Accra",5.605186,-0.166786
"Ghana","Sunyani",7.361828,-2.328756
"Ghana","Takoradi",4.896056,-1.774756
"Ghana","Tamale",9.557192,-0.863214
"Ghana","Wa",10.082664,-2.507694
"Gibraltar","Gibraltar",36.151219,-5.349664
"Greece","Agrinion",38.602022,21.351208
"Greece","Alexandria",40.651128,22.488739
"Greece","Alexandroupolis",40.855869,25.956264
"Greece","Andravida",37.920708,21.292583
"Greece","Chania",35.531747,24.149678
"Greece","Chios",38.343175,26.140572
"Greece","Dekelia",38.108928,23.783836
"Greece","Elefsis",38.063831,23.556011
"Greece","Heraklion",35.339719,25.180297
"Greece","Ioannina",39.696388,20.8225
"Greece","Kalamata",37.068319,22.025525
"Greece","Karpathos",35.421408,27.146008
"Greece","Kasos",35.421358,26.910047
"Greece","Kasteli",35.192019,25.327
"Greece","Kastoria",40.446294,21.282186
"Greece","Kavala",40.943040499999995,24.48032
"Greece","Keffallinia",38.120069,20.500481
"Greece","Kerkyra/corfu",39.601944,19.911667
"Greece","Kithira",36.274258,23.016978
"Greece","Kos",36.793335,27.091667
"Greece","Kozani",40.28611,21.840834
"Greece","Larissa",39.650253,22.4655
"Greece","Leros",37.184903,26.800289
"Greece","Limnos",39.917072,25.236308
"Greece","Megara",37.981114,23.365422
"Greece","Mykonos",37.435128,25.348103
"Greece","Mytilini",39.056667,26.598333
"Greece","Nea Anghialos",39.219619,22.794339
"Greece","Patras",38.151111,21.425556
"Greece","Porto Heli",37.298792,23.148986
"Greece","Preveza",38.925467,20.765311
"Greece","Rhodos",36.3942375,28.0975405
"Greece","Samos",37.689999,26.911667
"Greece","Santorini",36.399169,25.479333
"Greece","Sitia",35.216108,26.101325
"Greece","Skiathos",39.1771,23.503675
"Greece","Skiros",38.967553,24.487228
"Greece","Sparti",36.973892,22.526292
"Greece","Stefanovikion",39.48,22.767222
"Greece","Tanagra",38.339847,23.564958
"Greece","Thessaloniki",40.519725,22.97095
"Greece","Tripolis",37.530567,22.403633
"Greece","Zakynthos",37.750853,20.88425
"Greenland","Godthaab",64.190922,-51.678064
"Greenland","Kangia",69.2225,-49.9383
"Greenland","Narssarssuaq",61.160517,-45.425978
"Greenland","Sondrestrom",67.016969,-50.689325
"Greenland","Thule",76.531203,-68.703161
"Guatemala","Bananera",15.473528,-88.837222
"Guatemala","Coban",15.468958,-90.406742
"Guatemala","Guatemala City",14.5,NULL
"Guernsey","Alderney",49.706111,-2.214722
"Guernsey","Guernsey",49.434956,-2.601969
"Guinea","Faranah",10.035467,-10.769825
"Guinea","Fira",10.350556,-13.569167
"Guinea","Labe",11.326058,-12.28685
"Guinea-Bissau","Cufar",11.287917,-15.1805
"Hungary","Azentkilyszabadja",47.077861,17.968444
"Hungary","Budapest",47.436933,19.255592
"Hungary","Debrecen",47.488917,21.615333
"Hungary","Kecskemet",46.9175,19.749222
"Hungary","Nyirregyhaza",47.983892,21.692317
"Hungary","Ocseny",46.303889,18.769167
"Hungary","Szolnok",47.122861,20.2355
"Iceland","Akureyri",65.659994,-18.072703
"Iceland","Egilsstadir",65.283333,-14.401389
"Iceland","Hofn",64.295556,-15.227222
"Iceland","Husavik",65.952328,-17.425978
"Iceland","Isafjordur",66.058056,-23.135278
"Iceland","Keflavik",63.985,-22.605556
"Iceland","Patreksfjordur",65.555833,-23.965
"Iceland","Reykjavik",64.13,-21.940556
"Iceland","Siglufjordur",66.133333,-18.916667
"Iceland","Vestmannaeyjar",63.424303,-20.278875
"Ireland","Casement",53.301667,-6.451333
"Ireland","Connaught",53.910297,-8.818492
"Ireland","Cork",51.841269,-8.491111
"Ireland","Dublin",53.421333,-6.270075
"Ireland","Galway",53.300175,-8.941592
"Ireland","Kerry",52.180878,-9.523783
"Ireland","Shannon",52.701978,-8.924817
"Ireland","Sligo",54.280214,-8.599206
"Ireland","Waterford",52.1872,-7.086964
"Isle of Man","Isle Of Man",54.083333,-4.623889
"Israel","Beer-sheba",31.287003,34.722953
"Israel","Elat",29.561281,34.960081
"Israel","Eyn-shemer",32.440814,35.007661
"Israel","Eyn-yahav",30.621656,35.203325
"Israel","Haifa",32.809444,35.043056
"Israel","Haztor",31.7625,34.727222
"Israel","Megido Airstrip",32.597139,35.228803
"Israel","Metzada",31.328169,35.388608
"Israel","Nevatim",31.208347,35.0123
"Israel","Ovda",29.94025,34.93585
"Israel","Ramat David",32.665142,35.179458
"Israel","Ramon",30.776061,34.666769
"Israel","Rosh Pina",32.981047,35.571908
"Israel","Tel-aviv",32.063024999999996,34.834452999999996
"Israel","Tel-nof",31.839472,34.821844
"Italy","Albenga",44.050608,8.127428
"Italy","Alghero",40.632133,8.290772
"Italy","Amendola",41.541392,15.718083
"Italy","Aviano",46.031889,12.596472
"Italy","Bari",41.138856,16.760594
"Italy","Bergamo",45.673889,9.704166
"Italy","Bologna",44.535444,11.288667
"Italy","Bolzano",46.460194,11.326383
"Italy","Brindisi",40.657633,17.947033
"Italy","Cagliari",39.251469,9.054283
"Italy","Cameri",45.529592,8.669225
"Italy","Catania",37.466781,15.0664
"Italy","Cervia",44.224175,12.307203
"Italy","Crotone",38.997225,17.080169
"Italy","Decimomannu",39.354222,8.972481
"Italy","Firenze",43.809953,11.2051
"Italy","Foggia",41.432917,15.535028
"Italy","Forli",44.194753,12.070094
"Italy","Genoa",44.413333,8.8375
"Italy","Ghedi",45.432167,10.267667
"Italy","Gioia Del Colle",40.767833,16.933333
"Italy","Grazzanise",41.060833,14.081944
"Italy","Grosseto",42.759747,11.071897
"Italy","Grottaglie",40.517514,17.403212
"Italy","Guidonia",41.990278,12.740833
"Italy","Lamezia",38.905394,16.242269
"Italy","Lampedusa",35.497914,12.618083
"Italy","Latina",41.542436,12.909019
"Italy","Lecce",40.239228,18.133325
"Italy","Levaldigi",44.547019,7.623217
"Italy","Marina Di Campo",42.760277,10.239445
"Italy","Milan",45.445103,9.276739
"Italy","Milano",45.586414000000005,8.965722
"Italy","Montichiari",45.428889,10.330556
"Italy","Naples",40.886033,14.290781
"Italy","Olbia",40.898661,9.517628
"Italy","Padova",45.395767,11.847903
"Italy","Palermo",38.1433955,13.202176
"Italy","Pantelleria",36.816519,11.968864
"Italy","Parma",44.824483,10.296367
"Italy","Perugia",43.095906,12.513222
"Italy","Pescara",42.431656,14.181067
"Italy","Piacenza",44.913055,9.723333
"Italy","Pisa",43.683917,10.39275
"Italy","Pratica Di Mare",41.654522,12.445183
"Italy","Reggio Calabria",38.071206,15.651556
"Italy","Rimini",44.020292,12.611747
"Italy","Rivolto",45.97875,13.049331
"Italy","Rome",41.85192733333333,12.448207333333334
"Italy","Ronchi De Legionari",45.8275,13.472222
"Italy","Siena",43.256286,11.255036
"Italy","Sigonella",37.401664,14.922358
"Italy","Torino",45.200761,7.649631
"Italy","Tortoli",39.918761,9.682981
"Italy","Trapani",37.911403,12.487961
"Italy","Treviso",45.6666335,12.1386515
"Italy","Turin",45.086353,7.603375
"Italy","Venice",45.505278,12.351944
"Italy","Verona",45.472017,10.927919
"Italy","Vicenza",45.573411,11.52955
"Italy","Villafranca",45.395706,10.888533
"Italy","Viterbo",42.430183,12.064156
"Jersey","Jersey",49.207947,-2.195508
"Kenya","Eldoret",0.404458,35.238928
"Kenya","Kakamega",0.271342,34.787297
"Kenya","Kisumu",-0.086139,34.728892
"Kenya","Kitale",0.971989,34.958556
"Kenya","Lamu",-2.252417,40.913097
"Kenya","Lodwar",3.121967,35.608692
"Kenya","Mombasa",-4.034833,39.59425
"Kenya","Nairobi",-1.299493,36.838586
"Kenya","Naivasha",-0.787953,36.433528
"Kenya","Wajir",1.733239,40.091606
"Lesotho","Maseru",-29.3831545,27.527980499999998
"Liberia","Monrovia",6.261425,-10.5605165
"Libya","Benghazi",32.096786,20.269472
"Libya","Buattifel",28.795372,22.080939
"Libya","Dahra",29.472567,17.934936
"Libya","Ghadames",30.151695,9.715305
"Libya","Ghat",25.145564,10.142647
"Libya","Giallo",28.638458,21.438042
"Libya","Hon",29.110106,15.965567
"Libya","Kufra",24.178728,23.313958
"Libya","Marsa Brega",30.378139,19.576444
"Libya","Ras Lanouf V 40",30.500013,18.527161
"Libya","Sebha",26.986964,14.472525
"Libya","Tripoli",32.663544,13.159011
"Libya","Zella 74",28.589878,17.293858
"Luxembourg","Luxemburg",49.626575,6.211517
"Macedonia","Ohrid",41.179956,20.742325
"Macedonia","Skopje",41.961622,21.621381
"Madagascar","Ambilobe",-13.188431,48.987978
"Madagascar","Ampampamena",-13.484814,48.632739
"Madagascar","Analalava",-14.629694,47.763783
"Madagascar","Andapa",-14.651667,49.620556
"Madagascar","Antalaha",-14.999411,50.320233
"Madagascar","Antananarivo",-18.79695,47.478806
"Madagascar","Antsiranana",-12.3494,49.291747
"Madagascar","Antsohihy",-14.89875,47.993894
"Madagascar","Besalampy",-16.741945,44.481388
"Madagascar","Farafangana",-22.805286,47.820614
"Madagascar","Fianarantsoa",-21.441558,47.111736
"Madagascar","Mahajanga",-15.667144,46.351828
"Madagascar","Manakara",-22.119722,48.021667
"Madagascar","Mananara",-16.1639,49.773753
"Madagascar","Mananjary",-21.201772,48.358317
"Madagascar","Maroantsetra",-15.436666,49.688332
"Madagascar","Miandrivazo",-19.562778,45.450832
"Madagascar","Morombe",-21.753867,43.375533
"Madagascar","Morondava",-20.28475,44.317614
"Madagascar","Nosy-be",-13.312067,48.314822
"Madagascar","Sainte Marie",-17.093889,49.815834
"Madagascar","Sambava",-14.278611,50.174721
"Madagascar","Toamasina",-18.109517,49.392536
"Madagascar","Tolagnaro",-25.038056,46.956111
"Madagascar","Toliara",-23.383369,43.728453
"Madagascar","Vohemar",-13.375834,50.002777
"Malawi","Blantyre",-15.679053,34.974014
"Malawi","Karonga",-9.953569,33.893022
"Malawi","Kasungu",-13.014631,33.468597
"Malawi","Lilongwe",-13.789378,33.781
"Malawi","Mzuzu",-11.44475,34.011776
"Maldives","Paradies Island",3.4833,72.8369
"Mali","Bamako",12.533544,-7.949944
"Mali","Gao",16.248433,-0.005456
"Mali","Kayes",14.481233,-11.404397
"Mali","Mopti",14.512803,-4.079561
"Mali","Tessalit",20.242983,0.977308
"Mali","Tombouctou",16.730458,-3.007583
"Malta","Malta",35.857497,14.4775
"Mauritania","Aioun El Atrouss",16.711294,-9.637883
"Mauritania","Atar",20.506828,-13.043194
"Mauritania","Bir Moghrein",25.236697,-11.588697
"Mauritania","Kaedi",16.159547,-13.507617
"Mauritania","Kiffa",16.589983,-11.406208
"Mauritania","Nema",16.622,-7.316567
"Mauritania","Nouadhibou",20.933067,-17.029956
"Mauritania","Nouakschott",18.097856,-15.947956
"Mauritania","Selibabi",15.179692,-12.207272
"Mauritania","Tidjikja",18.570103,-11.423547
"Mauritius","Plaisance",-20.430235,57.6836
"Mauritius","Rodriguez Island",-19.757658,63.360983
"Mayotte","Dzaoudzi",-12.804722,45.281113
"Moldova","Kichinau Fir/acc/com",46.927744,28.930978
"Moldova","Saltsy",47.838114,27.781475
"Montenegro","Podgorica",42.359392,19.251894
"Montenegro","Tivat",42.404664,18.723286
"Morocco","Agadir",30.381353,-9.546311
"Morocco","Al Hociema",35.177103,-3.839525
"Morocco","Ben Slimane",33.655422,-7.22145
"Morocco","Casablanca",33.367467,-7.589967
"Morocco","Er-rachidia",31.9475,-4.398333
"Morocco","Fez",33.927261,-4.977958
"Morocco","Ifrane",33.505319,-5.152903
"Morocco","Kentira",34.298864,-6.595878
"Morocco","Marrakech",31.606886,-8.0363
"Morocco","Meknes",33.879067,-5.515125
"Morocco","Ouarzazate",30.939053,-6.909431
"Morocco","Oujda",34.78715,-1.923986
"Morocco","Rabat",34.051467,-6.751519
"Morocco","Tan Tan",28.448194,-11.161347
"Morocco","Tanger",35.726917,-5.916889
"Morocco","Tetouan",35.594333,-5.320019
"Mozambique","Beira",-19.796419,34.907556
"Mozambique","Inhambane",-23.876431,35.408544
"Mozambique","Lichinga",-13.273986,35.266262
"Mozambique","Lumbo",-15.033058,40.671728
"Mozambique","Maputo",-25.920836,32.572606
"Mozambique","Marrupa",-13.225053,37.552067
"Mozambique","Mocimboa Da Praia",-11.361789,40.354875
"Mozambique","Mueda",-11.672922,39.563142
"Mozambique","Nacala",-14.488233,40.71225
"Mozambique","Nampula",-15.105611,39.2818
"Mozambique","Pemba",-12.986753,40.522492
"Mozambique","Quelimane",-17.8555,36.869106
"Mozambique","Songo",-15.602694,32.773189
"Mozambique","Tete",-16.104817,33.640181
"Mozambique","Ulongwe",-14.704617,34.352369
"Mozambique","Vilankulu",-22.018431,35.313297
"Netherlands","Amsterdam",52.308613,4.763889
"Netherlands","De Kooy",52.923353,4.780625
"Netherlands","Deelen",52.060556,5.873056
"Netherlands","Drachten",53.119167,6.129722
"Netherlands","Eindhoven",51.450139,5.374528
"Netherlands","Enschede",52.27,6.874167
"Netherlands","Gilze-rijen",51.567389,4.931833
"Netherlands","Groningen",53.11972,6.579444
"Netherlands","Leeuwarden",53.228611,5.760556
"Netherlands","Lelystad",52.460278,5.527222
"Netherlands","Maastricht",50.911658,5.770144
"Netherlands","Rotterdam",51.956944,4.437222
"Netherlands","Soesterberg",52.1273,5.27619
"Netherlands","Valkenburg",52.166139,4.417944
"Netherlands","Weert",51.25528,5.601389
"Netherlands","Woensdrecht",51.449092,4.342031
"Niger","Agadez",16.965997,8.000114
"Niger","Diffa",13.372894,12.626686
"Niger","Dirkou",18.968703,12.86865
"Niger","Maradi",13.502531,7.126753
"Niger","Niamey",13.481547,2.183614
"Niger","Tahoua",14.875658,5.265358
"Niger","Zinder",13.778997,8.983761
"Nigeria","Abuja",9.006792,7.263172
"Nigeria","Akure",7.246739,5.301008
"Nigeria","Benin",6.316981,5.599503
"Nigeria","Calabar",4.976019,8.347197
"Nigeria","Enugu",6.474272,7.561961
"Nigeria","Gusau",12.171667,6.696111
"Nigeria","Ibadan",7.362458,3.978333
"Nigeria","Ilorin",8.440211,4.493919
"Nigeria","Jos",9.639828,8.86905
"Nigeria","Kaduna",10.696025,7.320114
"Nigeria","Kano",12.047589,8.524622
"Nigeria","Lagos",6.577369,3.321156
"Nigeria","Maiduguri",11.855347,13.08095
"Nigeria","Makurdi",7.703883,8.613939
"Nigeria","Minna",9.652172,6.462256
"Nigeria","Port Hartcourt",5.015494,6.949594
"Nigeria","Sokoto",12.916322,5.207189
"Nigeria","Yola",9.257553,12.430422
"Nigeria","Zaria",11.130192,7.685806
"Norway","Alesund",62.560372,6.110164
"Norway","Alta",69.976111,23.371667
"Norway","Andoya",69.2925,16.144167
"Norway","Bardufoss",69.055758,18.540356
"Norway","Batsfjord",70.600278,29.6925
"Norway","Bergen",60.293386,5.218142
"Norway","Bodo",67.269167,14.365278
"Norway","Bronnoysund",65.461111,12.2175
"Norway","Fagernes",61.015556,9.288056
"Norway","Farsund",58.099486,6.62605
"Norway","Floro",61.583611,5.024722
"Norway","Geilo",60.416667,8.512778
"Norway","Harstad/Narvik",68.4913,16.678108
"Norway","Hasvik",70.486675,22.139744
"Norway","Haugesund",59.345267,5.208364
"Norway","Kirkenes",69.725781,29.891295
"Norway","Kjeller",59.969336,11.036089
"Norway","Kristiansand",58.204214,8.085369
"Norway","Kristiansund",63.111781,7.824522
"Norway","Lakselv",70.068814,24.973489
"Norway","Molde",62.744722,7.2625
"Norway","Mosjoen",65.783997,13.214914
"Norway","Notodden",59.565683,9.212222
"Norway","Orland",63.698908,9.604003
"Norway","Oslo",60.193917,11.100361
"Norway","Roros",62.578411,11.342347
"Norway","Rygge",59.378933,10.785389
"Norway","Sandefjord",59.186703,10.258628
"Norway","Sandnessjoen",65.956828,12.468944
"Norway","Skien",59.185,9.566944
"Norway","Stavanger",58.876778,5.637856
"Norway","Stord",59.791925,5.34085
"Norway","Svalbard",78.246111,15.465556
"Norway","Tromso",69.683333,18.918919
"Norway","Trondheim",63.457556,10.92425
"Norway","Voss",60.63885,6.501497
"Papua New Guinea","Goroka",-6.081689,145.391881
"Papua New Guinea","Madang",-5.207083,145.7887
"Papua New Guinea","Mount Hagen",-5.826789,144.295861
"Papua New Guinea","Nadzab",-6.569828,146.726242
"Papua New Guinea","Port Moresby",-9.443383,147.22005
"Papua New Guinea","Wewak",-3.583828,143.669186
"Poland","Gdansk",54.377569,18.466222
"Poland","Katowice",50.3562,19.0571
"Poland","Krakow",50.077731,19.784836
"Poland","Mielec",50.322275,21.462131
"Poland","Poznan",52.421031,16.826325
"Poland","Rzeszow",50.109958,22.019
"Poland","Shapaja",53.790639,15.82625
"Poland","Slupsk",54.478889,17.1075
"Poland","Szczechin",53.584731,14.902206
"Poland","Warsaw",52.217122,20.9390845
"Poland","Wroclaw",51.102683,16.885836
"Poland","Zielona Gora",52.138517,15.798556
"Portugal","Alverca",38.883278,-9.030097
"Portugal","Beja (madeira)",38.078903,-7.932397
"Portugal","Braga",41.587058,-8.445139
"Portugal","Braganca",41.8578,-6.707125
"Portugal","Cascais",38.725025,-9.355231
"Portugal","Coimba",40.157223,-8.47
"Portugal","Covilha",40.264772,-7.479958
"Portugal","Evora",38.533472,-7.889639
"Portugal","Faro",37.014425,-7.965911
"Portugal","Flores (flores Isl.)",39.455272,-31.131361
"Portugal","Graciosa Island",39.092169,-28.029847
"Portugal","Horta",38.519894,-28.715872
"Portugal","Lajes (terceira Island)",38.761842,-27.090797
"Portugal","Lisbon",38.781311,-9.135919
"Portugal","Monte Real",39.831244,-8.887261
"Portugal","Montijo",38.703861,-9.035916
"Portugal","Ovar",40.915867,-8.645919
"Portugal","Pico",38.554333,-28.441333
"Portugal","Ponta Delgada",37.741184,-25.69787
"Portugal","Portimao",37.149331,-8.583961
"Portugal","Porto",41.248055,-8.681389
"Portugal","Porto Santo",33.073386,-16.349975
"Portugal","Santa Maria (island)",36.97139,-25.170639
"Portugal","Sao Jorge Island",38.6655,-28.175817
"Portugal","Sintra",38.831053,-9.339553
"Portugal","Tancos",39.47514,-8.364583
"Portugal","Vila Real",41.274334,-7.720472
"Portugal","Viseu",40.725539,-7.888992
"Puerto Rico","Culebra Island",18.3127,-65.3034
"Reunion","St.-denis",-20.8871,55.510308
"Reunion","St.-pierre",-21.320039,55.423581
"Romania","Arad",46.17655,21.262022
"Romania","Bacau",46.521946,26.910278
"Romania","Baia Mare",47.658389,23.470022
"Romania","Bucharest",44.5376775,26.1021445
"Romania","Caransebes",45.42,22.253333
"Romania","Cluj-napoca",46.785167,23.686167
"Romania","Constanta",44.362222,28.488333
"Romania","Craiova",44.318139,23.888611
"Romania","Iasi",47.178492,27.620631
"Romania","Oradea",47.025278,21.9025
"Romania","Satu Mare",47.703275,22.8857
"Romania","Sibiu",45.785597,24.091342
"Romania","Suceava",47.6875,26.354056
"Romania","Timisoara",45.809861,21.337861
"Romania","Tirgu Mures",46.467714,24.412525
"Romania","Tulcea",45.062486,28.714311
"Rwanda","Gisenyi",-1.677203,29.258875
"Rwanda","Kamembe",-2.462242,28.90795
"Rwanda","Kigali",-1.968628,30.13945
"Saint Helena","Wide Awake",-7.969597,-14.393664
"Saint Pierre and Miquelon","Miquelon",47.095472,-56.380278
"Saint Pierre and Miquelon","St.-pierre",46.762904,-56.173088
"Sao Tome and Principe","Principe",1.662936,7.411742
"Sao Tome and Principe","Sao Tome",0.378175,6.712153
"Senegal","Bakel",14.847256,-12.468264
"Senegal","Cap Skiring",12.4102,-16.746125
"Senegal","Dakar",14.739708,-17.490225
"Senegal","Kaolack",14.146881,-16.051297
"Senegal","Kedougou",12.572292,-12.220333
"Senegal","St. Louis",16.050761,-16.463172
"Senegal","Tambacounda",13.736817,-13.653122
"Senegal","Ziguinchor",12.555617,-16.281783
"Serbia","Beograd",44.818444,20.309139
"Serbia","Nis",43.337289,21.853722
"Serbia","Pristina",42.572778,21.035833
"Serbia","Vrsac",45.146889,21.309889
"Seychelles","Alphonse",-7.004783,52.726247
"Seychelles","Coetivy",-7.134567,56.278239
"Seychelles","Desroches",-5.696697,53.655844
"Seychelles","Farquhar",-10.109611,51.176119
"Seychelles","Mahe",-4.674342,55.521839
"Seychelles","Praslin",-4.319292,55.691417
"Sierra Leone","Freetown",8.616444,-13.195489
"Slovakia","Bratislava",48.170167,17.212667
"Slovakia","Kosice",48.663055,21.241112
"Slovakia","Malacky",48.402028,17.118389
"Slovakia","Piestany",48.625247,17.828444
"Slovakia","Poprad",49.073594,20.241142
"Slovakia","Sliac",48.637839,19.134108
"Slovakia","Trencin",48.865003,17.99225
"Slovenia","Cerklje",45.899971,15.530194
"Slovenia","Ljubliana",46.223686,14.457611
"Slovenia","Maribor",46.479861,15.686131
"Slovenia","Portoroz",45.473353,13.614978
"Slovenia","Slovenj Gradec",46.471975,15.116997
"Somalia","Berbera",10.389167,44.941106
"Somalia","Hargeisa",9.518167,44.088758
"Somalia","Kismayu",-0.377353,42.459233
"South Africa","Aggeneys",-29.281767,18.813869
"South Africa","Alexander Bay",-28.575001,16.533333
"South Africa","Bethlehem",-28.248392,28.336125
"South Africa","Bisho",-32.89715,27.279111
"South Africa","Bloemfontein",-29.062824999999997,26.230004
"South Africa","Bothaville",-27.366769,26.629194
"South Africa","Brakpan",-26.23865,28.301769
"South Africa","Calvinia",-31.500278,19.725897
"South Africa","Cape Town",-33.964806,18.601667
"South Africa","Durban",-29.8703475,31.004462500000002
"South Africa","East London",-33.035569,27.825939
"South Africa","Ermelo",-26.495644,29.979764
"South Africa","Ficksburg",-28.823119,27.9089
"South Africa","George",-34.005553,22.378889
"South Africa","Graaff Reinet",-32.193611,24.541389
"South Africa","Grahamstown",-33.284721,26.498083
"South Africa","Greytown",-29.122011,30.586706
"South Africa","Harmony",-28.078694,26.861178
"South Africa","Harrismith",-28.235072,29.106206
"South Africa","Hendrik Verwoerddam",-30.562164,25.528286
"South Africa","Hoedspruit",-24.368642,31.048744
"South Africa","Johannesburg",-26.021315666666666,28.10406466666667
"South Africa","Kimberley",-28.802834,24.765167
"South Africa","Kleinsee",-29.688403,17.094006
"South Africa","Klerksdorp",-26.871064,26.718003
"South Africa","Kroonstad",-27.660617,27.315761
"South Africa","Krugersdorp",-26.080978,27.725667
"South Africa","Kuruman",-27.456667,23.411388
"South Africa","Ladysmith",-28.581667,29.749722
"South Africa","Lambertsbaai",-23.159911,29.696544
"South Africa","Langebaanweg",-32.968889,18.160278
"South Africa","Lichtenburg",-26.175672,26.184575
"South Africa","Majuba Power Station",-27.079253,29.778528
"South Africa","Malalane",-25.473603,31.565828
"South Africa","Marble Hall",-24.989114,29.283122
"South Africa","Margate",-30.857408,30.343019
"South Africa","Messina",-25.704458,26.908978
"South Africa","Middelburg",-25.684775,29.440158
"South Africa","Mkuze",-27.626086,32.044275
"South Africa","Newcastle",-27.770586,29.976894
"South Africa","Nylstroom",-24.686056,28.434944
"South Africa","Oudtshoorn",-33.606967,22.188978
"South Africa","Overberg",-34.554861,20.250681
"South Africa","Parys",-26.889344,27.503417
"South Africa","Phalaborwa",-23.937166,31.15539
"South Africa","Pietermaritzburg",-29.648975,30.398667
"South Africa","Pietersburg",-23.926089,29.484422
"South Africa","Pilanesberg",-25.333822,27.173358
"South Africa","Plettenberg Bay",-34.090279,23.327778
"South Africa","Port Elizabeth",-33.984919,25.617275
"South Africa","Port Saint Johns",-31.605886,29.519786
"South Africa","Potchefstroom",-26.670994,27.0819
"South Africa","Potgietersrus",-23.845306,29.458611
"South Africa","Pretoria",-25.653858,28.224231
"South Africa","Queenstown",-31.920197,26.882206
"South Africa","Richard's Bay",-28.741039,32.092111
"South Africa","Robertson",-33.812181,19.902828
"South Africa","Rustenburg",-25.6443,27.271119
"South Africa","Saldanha",-32.964067,17.969331
"South Africa","Secunda",-26.524083,29.170144
"South Africa","Sishen",-27.648606,22.999278
"South Africa","Skukuza",-24.960944,31.588731
"South Africa","Springbok",-29.689333,17.939611
"South Africa","Springs",-26.248411,28.397508
"South Africa","Swartkop",-25.809717,28.164631
"South Africa","Swellendam",-34.048222,20.474611
"South Africa","Tommy's Field",-28.260028,22.993178
"South Africa","Tutuka",-26.776556,29.338778
"South Africa","Tzaneen",-23.824417,30.329306
"South Africa","Ulundi",-28.320586,31.416519
"South Africa","Umtata",-31.547903,28.674289
"South Africa","Upington",-28.399097,21.260239
"South Africa","Vereeniging",-26.566372,27.960756
"South Africa","Vredendal",-31.640961,18.544789
"South Africa","Vryburg",-26.982408,24.728756
"South Africa","Waterkloof",-25.83,28.2225
"South Africa","Welkom",-27.998,26.669586
"South Africa","Witbank",-25.832294,29.192019
"South Africa","Ysterplaat",-33.900244,18.498297
"South Africa","Zeerust",-25.598972,26.042333
"Spain","Albacete",38.948528,-1.863517
"Spain","Alicante",38.282169,-0.558156
"Spain","Almeria",36.843936,-2.370097
"Spain","Aviles",43.563567,-6.034622
"Spain","Badajoz",38.89125,-6.821333
"Spain","Barcelona",41.297078,2.078464
"Spain","Bilbao",43.301097,-2.910608
"Spain","Cordoba",37.842006,-4.848878
"Spain","Fuerteventura",28.452717,-13.863761
"Spain","Gerona",41.900969,2.760547
"Spain","Gran Canaria",27.931886,-15.386586
"Spain","Granada",37.160976500000004,-3.706525
"Spain","Hierro",27.814847,-17.887056
"Spain","Ibiza",38.872858,1.373117
"Spain","Jerez",36.744622,-6.060111
"Spain","La Coruna",43.302061,-8.377256
"Spain","Lanzerote",28.945464,-13.605225
"Spain","Madrid",40.41378,-3.6304032499999996
"Spain","Malaga",36.6749,-4.499106
"Spain","Melilla",35.279817,-2.956256
"Spain","Menorca",39.862597,4.218647
"Spain","Murcia",37.863041499999994,-1.021354
"Spain","Ocana",39.9375,-3.503333
"Spain","Palma De Mallorca",39.551675,2.738808
"Spain","Pamplona",42.770039,-1.646331
"Spain","Reus",41.147392,1.167172
"Spain","Rota",36.645211,-6.349458
"Spain","Salamanca",40.952117,-5.501986
"Spain","San Luis",39.862222,4.258333
"Spain","San Sebastian",43.356519,-1.790611
"Spain","Santa Cruz De La Palma",28.626478,-17.755611
"Spain","Santander",43.427064,-3.820006
"Spain","Santiago",42.896333,-8.415144
"Spain","Seo De Urgel",42.338611,1.409167
"Spain","Sevilla",37.2964585,-5.754525
"Spain","Son Bonet",39.598889,2.702778
"Spain","Tenerife",28.263564,-16.4570125
"Spain","Valencia",39.489314,-0.481625
"Spain","Valladolid",41.706111,-4.851944
"Spain","Vigo",42.2318,-8.626775
"Spain","Vitoria",42.882836,-2.724469
"Spain","Zaragoza",41.666242,-1.041553
"Sudan","Damazin",11.785889,34.336656
"Sudan","Dongola",19.153867,30.430094
"Sudan","El Fasher",13.614892,25.32465
"Sudan","El Obeid",13.153219,30.232675
"Sudan","Juba",4.872006,31.601117
"Sudan","Kadugli",11.138028,29.701122
"Sudan","Kassala",15.387494,36.328842
"Sudan","Khartoum",15.589497,32.553161
"Sudan","Malakal",9.558969,31.652242
"Swaziland","Manzini",-26.529022,31.307519
"Sweden","Anderstorp",57.264167,13.599439
"Sweden","Arboga",59.386585,15.924055
"Sweden","Arvidsjaur",65.590278,19.281944
"Sweden","Arvika",59.675856,12.639442
"Sweden","Borlange",60.422017,15.515211
"Sweden","Emmaboda",56.610761,15.604761
"Sweden","Eskilstuna",59.351078,16.7084
"Sweden","Falkoping",58.169794,13.587847
"Sweden","Gallivare",67.132408,20.814636
"Sweden","Gavle",60.593333,16.951389
"Sweden","Gothenborg",57.718779,12.0750955
"Sweden","Hagshult",57.292222,14.137222
"Sweden","Hallviken",63.738333,15.458333
"Sweden","Halmstad",56.691128,12.820211
"Sweden","Hede",62.408889,13.747222
"Sweden","Hudiksvall",61.768092,17.080719
"Sweden","Hultsfred",57.525833,15.823333
"Sweden","Joenkoeping",57.757594,14.068731
"Sweden","Jokkmokk",66.496236,20.147181
"Sweden","Kalixfors",67.764789,20.257228
"Sweden","Kalkmar",56.685531,16.287578
"Sweden","Karlsborg",58.513842,14.507119
"Sweden","Karlskoga",59.345867,14.495922
"Sweden","Kiruna",67.821986,20.336764
"Sweden","Kramfors",63.048597,17.768856
"Sweden","Kristianstad",55.921686,14.085536
"Sweden","Landskrona",55.944444,12.869444
"Sweden","Lidkoping",58.465522,13.174414
"Sweden","Linkoeping",58.404213999999996,15.6030955
"Sweden","Ljungby",56.950278,13.921667
"Sweden","Lulea",65.543758,22.121989
"Sweden","Lycksele",64.548322,18.716219
"Sweden","Malmoe",55.530193,13.371639
"Sweden","Mora",60.957908,14.511383
"Sweden","Norrkoeping",58.59856,16.177107
"Sweden","Optand",63.128611,14.802778
"Sweden","Orebro",59.223733,15.037956
"Sweden","Ornskoldsvik",63.408339,18.990039
"Sweden","Orsa",61.190033,14.712567
"Sweden","Oskarshamn",57.350453,16.497972
"Sweden","Pitea",65.398333,21.260833
"Sweden","Rada",58.498136,13.053231
"Sweden","Ronneby",56.266667,15.265
"Sweden","Satenas",58.426445,12.714389
"Sweden","Sattna",62.481369,17.002917
"Sweden","Skelleftea",64.624772,21.076892
"Sweden","Skovde",58.4564,13.972672
"Sweden","Stockholm",59.303411499999996,17.665786
"Sweden","Sundsvall",62.528125,17.443928
"Sweden","Sveg",62.047811,14.42295
"Sweden","Trollhattan",58.318056,12.345
"Sweden","Umea",63.791828,20.282758
"Sweden","Uppsala",59.897328,17.588581
"Sweden","Vasteras",59.589444,16.633611
"Sweden","Vaxjo",56.929144,14.727994
"Sweden","Vidsel",65.875325,20.149917
"Sweden","Vilhelmina",64.579083,16.833575
"Sweden","Visby",57.662797,18.346211
"Switzerland","Alpnach",46.943889,8.284167
"Switzerland","Altenrhein",47.485033,9.560775
"Switzerland","Bern",46.9141,7.497153
"Switzerland","Buochs",46.974914,8.39915
"Switzerland","Dubendorf",47.398644,8.648231
"Switzerland","Emmen",47.092369,8.305117
"Switzerland","Geneva",46.238064,6.10895
"Switzerland","Grenchen",47.181628,7.417189
"Switzerland","Les Eplatures",47.08385,6.792836
"Switzerland","Lugano",46.004275,8.910578
"Switzerland","Meiringen",46.743333,8.11
"Switzerland","Mollis",47.078872,9.064831
"Switzerland","Payerne",46.843208,6.915058
"Switzerland","Saanen",46.487499,7.250834
"Switzerland","Samedan",46.534075,9.884106
"Switzerland","Sion",46.219592,7.326764
"Switzerland","Zurich",47.464722,8.549167
"Tanzania","Arusha",-3.367794,36.633333
"Tanzania","Dar Es Salaam",-6.878111,39.202625
"Tanzania","Dodoma",-6.170436,35.752578
"Tanzania","Iringa",-7.668633,35.752114
"Tanzania","Kilimanjaro",-3.429406,37.074461
"Tanzania","Lake Manyara",-3.376306,35.818278
"Tanzania","Mtwara",-10.339058,40.181781
"Tanzania","Mwanza",-2.444486,32.932667
"Tanzania","Pemba",-5.257264,39.811417
"Tanzania","Tanga",-5.092358,39.071158
"Tanzania","Zanzibar",-6.222025,39.224886
"Togo","Lome",6.165611,1.254511
"Togo","Niatougou",9.767333,1.09125
"Tunisia","Bizerte",37.245447,9.791453
"Tunisia","Bordj El Amri",36.721339,9.943147
"Tunisia","Djerba",33.875031,10.775461
"Tunisia","El Borma",31.704281,9.254619
"Tunisia","Gabes",33.876919,10.103333
"Tunisia","Gafsa",34.422022,8.822503
"Tunisia","Monastir",35.758056,10.754722
"Tunisia","Remada",32.306156,10.382108
"Tunisia","Sfax",34.717953,10.690972
"Tunisia","Tozeur",33.939722,8.110556
"Tunisia","Tunis",36.851033,10.227217
"Turkey","Adana",36.992132999999995,35.353141
"Turkey","Afyon",38.726425,30.601114
"Turkey","Akhisar",38.808887,27.83386
"Turkey","Ankara",40.0229455,32.74752625000001
"Turkey","Antalya",36.898731,30.800461
"Turkey","Balikesir",39.619258,27.925958
"Turkey","Bandirma",40.317972,27.977694
"Turkey","Batman",37.928969,41.116583
"Turkey","Bodrum",37.140144,27.669717
"Turkey","Dalaman",36.713056,28.7925
"Turkey","Denizli",37.785567,29.701297
"Turkey","Diyabakir",37.893897,40.201019
"Turkey","Elazig",38.606925,39.291417
"Turkey","Erzincan",39.710203,39.527003
"Turkey","Erzurum",39.956501,41.170166
"Turkey","Eskisehir",39.784138,30.582111
"Turkey","Gaziantep",36.947183,37.478683
"Turkey","Iskenderun",36.573472,36.154
"Turkey","Isparta",37.785369,30.581817
"Turkey","Istanbul",40.9849485,29.0155725
"Turkey","Izmir",38.318574999999996,27.1265558
"Turkey","Kayseri",38.770386,35.495428
"Turkey","Konya",37.979,32.561861
"Turkey","Kutahya",39.426708,30.016872
"Turkey","Malatya",38.3945485,38.172475
"Turkey","Merzifon",40.829375,35.521992
"Turkey","Siirt",37.978886,41.840436
"Turkey","Sivas",39.813828,36.903497
"Turkey","Sivrihisar",39.451469,31.365308
"Turkey","Tokat",40.306281,36.371089
"Turkey","Topel",40.735028,30.083336
"Turkey","Trabzon",40.995108,39.789728
"Turkey","Van",38.468219,43.3323
"Turkey","Yalova",40.684353,29.375728
"Turks and Caicos Islands","North Caicos",21.917475,-71.939561
"Turks and Caicos Islands","Providenciales",21.773625,-72.265886
"Turks and Caicos Islands","South Caicos",21.515739,-71.528528
"Uganda","Entebbe",0.042386,32.443503
"Uganda","Soroti",1.727578,33.622861
"United Kingdom","Aberdeen",57.201944,-2.197778
"United Kingdom","Barkston Heath",52.962225,-0.561625
"United Kingdom","Barrow Island",54.131167,-3.263667
"United Kingdom","Belfast",54.637778,-6.044166499999999
"United Kingdom","Benbecula",57.481111,-7.362778
"United Kingdom","Benson",51.616389,-1.095833
"United Kingdom","Biggin Hill",51.330833,0.0325
"United Kingdom","Birmingham",52.453856,-1.748028
"United Kingdom","Blackbushe",51.323889,-0.8475
"United Kingdom","Blackpool",53.771667,-3.028611
"United Kingdom","Boscombe Down",51.152189,-1.747414
"United Kingdom","Bournemouth",50.78,-1.8425
"United Kingdom","Bristol",51.4510565,-2.654961
"United Kingdom","Brize Norton",51.749964,-1.583617
"United Kingdom","Brough",53.719667,-0.566333
"United Kingdom","Cambridge",52.205,0.175
"United Kingdom","Cardiff",51.396667,-3.343333
"United Kingdom","Carlisle",54.9375,-2.809167
"United Kingdom","Chalsgrove",51.676111,-1.080833
"United Kingdom","Chivenor",51.087167,-4.150339
"United Kingdom","Church Fenton",53.834333,-1.1955
"United Kingdom","Coningsby",53.093014,-0.166014
"United Kingdom","Cosford",52.640028,-2.305578
"United Kingdom","Cottesmore",52.735711,-0.648769
"United Kingdom","Coventry",52.369722,-1.479722
"United Kingdom","Cranfield",52.072222,-0.616667
"United Kingdom","Cranwell",53.03035,-0.483242
"United Kingdom","Culdrose",50.086092,-5.255711
"United Kingdom","Dishforth",54.137186,-1.420253
"United Kingdom","Dundee",56.452499,-3.025833
"United Kingdom","East Midlands",52.831111,-1.328056
"United Kingdom","Edinburgh",55.95,-3.3725
"United Kingdom","Enniskillen",54.398889,-7.651667
"United Kingdom","Exeter",50.734444,-3.413889
"United Kingdom","Fairford",51.682167,-1.790028
"United Kingdom","Farnborough",51.275833,-0.776333
"United Kingdom","Fowlmere",53.394256,-1.388486
"United Kingdom","Glasgow",55.871944,-4.433056
"United Kingdom","Golouchestershire",51.894167,-2.167222
"United Kingdom","Halfpenny Green",52.5175,-2.259444
"United Kingdom","Haverfordwest",51.833056,-4.961111
"United Kingdom","Hawarden",53.178056,-2.977778
"United Kingdom","Honington",52.342611,0.772939
"United Kingdom","Humberside",53.574444,-0.350833
"United Kingdom","Inverness",57.5425,-4.0475
"United Kingdom","Islay",55.681944,-6.256667
"United Kingdom","Kirkwall",58.957778,-2.905
"United Kingdom","Lakenheath",52.409333,0.561
"United Kingdom","Lasham",51.187167,-1.0335
"United Kingdom","Leeds",53.865897,-1.660569
"United Kingdom","Leeming",54.292383,-1.5354
"United Kingdom","Leicester",52.607778,-1.031944
"United Kingdom","Leuchars",56.372889,-2.868444
"United Kingdom","Linton-on-ouse",54.048911,-1.252747
"United Kingdom","Liverpool",53.333611,-2.849722
"United Kingdom","Llanbedr",52.811744,-4.123575
"United Kingdom","London",51.5781112,-0.14594439999999997
"United Kingdom","Londonderry",55.042778,-7.161111
"United Kingdom","Lossiemouth",57.705214,-3.339169
"United Kingdom","Lydd",50.956111,0.939167
"United Kingdom","Lympne",51.083333,1.016667
"United Kingdom","Lyneham",51.505144,-1.993428
"United Kingdom","Manchester",53.353744,-2.27495
"United Kingdom","Manston",51.342222,1.346111
"United Kingdom","Marham",52.648353,0.550692
"United Kingdom","Mildenhall",52.361933,0.486406
"United Kingdom","Newcastle",55.0375,-1.691667
"United Kingdom","Newquai",50.440558,-4.995408
"United Kingdom","North Weald",51.721667,0.154167
"United Kingdom","Northolt",51.553,-0.418167
"United Kingdom","Norwich",52.675833,1.282778
"United Kingdom","Odiham",51.234139,-0.942825
"United Kingdom","Oxford",51.836944,-1.32
"United Kingdom","Pailton",51.668056,-2.056944
"United Kingdom","Peterborough",52.468056,-0.251111
"United Kingdom","Plymouth",50.422778,-4.105833
"United Kingdom","Prestwick",55.509444,-4.586667
"United Kingdom","Repton",53.280556,-0.951389
"United Kingdom","Scampton",53.307778,-0.550833
"United Kingdom","Scatsta",60.432778,-1.296111
"United Kingdom","Shawbury",52.798169,-2.668042
"United Kingdom","Shoreham By Sea",50.835556,-0.297222
"United Kingdom","Southampton",50.950261,-1.356803
"United Kingdom","Southend",51.571389,0.695556
"United Kingdom","St. Athan",51.404811,-3.43575
"United Kingdom","Stornoway",58.215556,-6.331111
"United Kingdom","Sumburgh",59.878889,-1.295556
"United Kingdom","Swansea",51.605333,-4.067833
"United Kingdom","Teesside",54.509189,-1.429406
"United Kingdom","Ternhill",52.871164,-2.533561
"United Kingdom","Tiree",56.499167,-6.869167
"United Kingdom","Topcliffe",54.205522,-1.382094
"United Kingdom","Turweston",52.040833,-1.095556
"United Kingdom","Waddington",53.166167,-0.523811
"United Kingdom","Warton",53.745097,-2.883061
"United Kingdom","Wattisham",52.127283,0.956264
"United Kingdom","Wellesbourne",52.192222,-1.614444
"United Kingdom","Wick",58.458889,-3.093056
"United Kingdom","Wittering",52.612558,-0.476453
"United Kingdom","Woodfort",53.338056,-2.148889
"United Kingdom","Woodvale",53.581575,-3.055522
"United Kingdom","Wyton",52.357167,-0.107833
"United Kingdom","Yeovilton",51.009358,-2.638819
"United States","Bolingbrook",41.6959744,-88.1292306
"United States","Cambridge",39.9750278,-81.5775833
"United States","Dowagiac",41.9929342,-86.1280125
"United States","Greencastle",39.6335556,-86.8138056
"United States","Montrose CO",38.509794,-107.894242
"United States","Pendleton",45.695,-118.841389
"United States","Riverton WY",43.064167,-108.459722
"United States","Stewartstown",39.7948244,-76.6471914
"United States","Sturgeon Bay",44.8436667,-87.4215556
"United States","Tyonek",61.076667,-151.138056
"Zambia","Kasompe",-12.572778,27.89395
"Zambia","Livingstone",-17.821756,25.822692
"Zambia","Lusaka",-15.330817,28.452628
"Zambia","Mfuwe",-13.258878,31.936581
"Zambia","Mongu",-15.254542,23.162306
"Zambia","Ndola",-12.998139,28.664944
"Zambia","Southdowns",-12.900469,28.149858
"Zimbabwe","Bulawayo",-20.017431,28.617869
"Zimbabwe","Chiredzi",-21.008083,31.57855
"Zimbabwe","Gwert",-19.436394,29.861911
"Zimbabwe","Harare",-17.841683500000002,31.0087765
"Zimbabwe","Hwange National Park",-18.629872,27.021042
"Zimbabwe","Kariba",-16.519761,28.884981
"Zimbabwe","Masvingo",-20.055333,30.859111
"Zimbabwe","Mutare",-18.997499,32.627224
"Zimbabwe","Mutoko",-17.431917,32.184502
"Zimbabwe","Victoria Falls",-18.095881,25.839006
"Zimbabwe","Zvishavane",-20.289497,30.088228
